"name","type","url","dataset_DOI","description","published_at","publisher","citationHtml","identifier_of_dataverse","name_of_dataverse","citation","storageIdentifier","keywords","subjects","fileCount","versionId","versionState","majorVersion","minorVersion","createdAt","updatedAt","contacts","publications","producers","geographicCoverage","authors"
"J2000 Hydrological model of the Vantaanjoki-Lepsämänjoki river basin (Finland)","dataset","https://doi.org/10.57745/QPF3CO","doi:10.57745/QPF3CO","J2K_Vantaanjoki: J2000 hydrological model for the Vantaanjoki river basin (which includes the Lepsämänjoki sub-basin).","2025-02-26T17:34:42Z","DRYvER-WP1 Hydrological modelling catchment scale Europe","Mimeau, Louise; Branger, Flora; K&uuml;nne, Annika; Kralisch, Sven, 2025, ""J2000 Hydrological model of the Vantaanjoki-Leps&auml;m&auml;njoki river basin (Finland)"", <a href=""https://doi.org/10.57745/QPF3CO"" target=""_blank"">https://doi.org/10.57745/QPF3CO</a>, Recherche Data Gouv, V2","DRYvER-WP1-DRN-EU","DRYvER-WP1 Hydrological modelling catchment scale Europe","Mimeau, Louise; Branger, Flora; Künne, Annika; Kralisch, Sven, 2025, ""J2000 Hydrological model of the Vantaanjoki-Lepsämänjoki river basin (Finland)"", https://doi.org/10.57745/QPF3CO, Recherche Data Gouv, V2","inrae://10.57745/QPF3CO","hydrological model","Earth and Environmental Sciences",2,276244,"RELEASED",2,0,"2025-02-14T15:29:32Z","2025-02-26T17:34:42Z","Mimeau, Louise; INRAE, UR RiverLy, Villeurbanne, France","Mimeau, L., Künne, A., Branger, F., Kralisch, S., Devers, A., and Vidal, J.-P.: Flow intermittence prediction using a hybrid hydrological modelling approach: influence of observed intermittence data on the training of a random forest model, Hydrol. Earth Syst. Sci. 2024; Mimeau, L., Künne, A., Devers, A., Branger, F., Kralisch, S., Lauvernet, C., Vidal, J.-P., Bonada, N., Csabai, Z., Mykrä, H., Pařil, P., Polović, L., and Datry, T.: Projections of streamflow intermittence under climate change in European drying river networks, Hydrol. Earth Syst. Sci. Discuss. [preprint]. 2024","DRYvER","Finland; Lepsämänjoki catchment,","Mimeau, Louise; Branger, Flora; Künne, Annika; Kralisch, Sven"
"J2000 Hydrological model of the Fekete-Bukkosdi river basin (Hungary)","dataset","https://doi.org/10.57745/BV1AJA","doi:10.57745/BV1AJA","J2K_Fekete: J2000 hydrological model for the Fekete river basin (which includes the Bukkosdi sub-basin).","2025-02-26T17:33:10Z","DRYvER-WP1 Hydrological modelling catchment scale Europe","Mimeau, Louise; Branger, Flora; K&uuml;nne, Annika; Kralisch, Sven, 2025, ""J2000 Hydrological model of the Fekete-Bukkosdi river basin (Hungary)"", <a href=""https://doi.org/10.57745/BV1AJA"" target=""_blank"">https://doi.org/10.57745/BV1AJA</a>, Recherche Data Gouv, V2","DRYvER-WP1-DRN-EU","DRYvER-WP1 Hydrological modelling catchment scale Europe","Mimeau, Louise; Branger, Flora; Künne, Annika; Kralisch, Sven, 2025, ""J2000 Hydrological model of the Fekete-Bukkosdi river basin (Hungary)"", https://doi.org/10.57745/BV1AJA, Recherche Data Gouv, V2","inrae://10.57745/BV1AJA","hydrological model","Earth and Environmental Sciences",2,276243,"RELEASED",2,0,"2025-02-14T15:25:18Z","2025-02-26T17:33:10Z","Mimeau, Louise; INRAE, UR RiverLy, Villeurbanne, France","Mimeau, L., Künne, A., Branger, F., Kralisch, S., Devers, A., and Vidal, J.-P.: Flow intermittence prediction using a hybrid hydrological modelling approach: influence of observed intermittence data on the training of a random forest model, Hydrol. Earth Syst. Sci. 2024; Mimeau, L., Künne, A., Devers, A., Branger, F., Kralisch, S., Lauvernet, C., Vidal, J.-P., Bonada, N., Csabai, Z., Mykrä, H., Pařil, P., Polović, L., and Datry, T.: Projections of streamflow intermittence under climate change in European drying river networks, Hydrol. Earth Syst. Sci. Discuss. [preprint]. 2024","DRYvER","Hungary; Bükkösdi catchment,","Mimeau, Louise; Branger, Flora; Künne, Annika; Kralisch, Sven"
"J2000 Hydrological model of the Ain-Albarine river basin (France)","dataset","https://doi.org/10.57745/II6DMA","doi:10.57745/II6DMA","J2K_Ain: J2000 hydrological model for the Ain river basin (which includes the Albarine sub-basin).","2025-02-26T17:31:27Z","DRYvER-WP1 Hydrological modelling catchment scale Europe","Mimeau, Louise; Branger, Flora; K&uuml;nne, Annika; Kralisch, Sven, 2025, ""J2000 Hydrological model of the Ain-Albarine river basin (France)"", <a href=""https://doi.org/10.57745/II6DMA"" target=""_blank"">https://doi.org/10.57745/II6DMA</a>, Recherche Data Gouv, V2","DRYvER-WP1-DRN-EU","DRYvER-WP1 Hydrological modelling catchment scale Europe","Mimeau, Louise; Branger, Flora; Künne, Annika; Kralisch, Sven, 2025, ""J2000 Hydrological model of the Ain-Albarine river basin (France)"", https://doi.org/10.57745/II6DMA, Recherche Data Gouv, V2","inrae://10.57745/II6DMA","hydrological model","Earth and Environmental Sciences",2,276242,"RELEASED",2,0,"2025-02-14T15:16:37Z","2025-02-26T17:31:27Z","Mimeau, Louise; INRAE, UR RiverLy, Villeurbanne, France","Mimeau, L., Künne, A., Branger, F., Kralisch, S., Devers, A., and Vidal, J.-P.: Flow intermittence prediction using a hybrid hydrological modelling approach: influence of observed intermittence data on the training of a random forest model, Hydrol. Earth Syst. Sci. 2024; Mimeau, L., Künne, A., Devers, A., Branger, F., Kralisch, S., Lauvernet, C., Vidal, J.-P., Bonada, N., Csabai, Z., Mykrä, H., Pařil, P., Polović, L., and Datry, T.: Projections of streamflow intermittence under climate change in European drying river networks, Hydrol. Earth Syst. Sci. Discuss. [preprint]. 2024","DRYvER","France; Albarine catchment,","Mimeau, Louise; Branger, Flora; Künne, Annika; Kralisch, Sven"
"Hydrological reconstruction (1960-2021) of the Bükkösdi DRN (Hungary)","dataset","https://doi.org/10.57745/SLQKXX","doi:10.57745/SLQKXX","Hydrological model outputs at daily time step for the reconstruction period (1960-2021) in the Bükkösdi DRN (Hungary). Simulated discharge, baseflow an state of flow (flowing/dry) is spatially distributed at the reach scale. Other hydroclimatic variables (temperature, precipitation, rainfall, snowfall, potential evapotranspiration, actual evapotranspiration, vegetation interception, snow water equivalent, saturation of the soil layer, saturation of the grounwater layer) are spatially aggregated at the catchment scale.","2025-02-19T10:07:40Z","DRYvER-WP1 Hydrological modelling catchment scale Europe","Mimeau, Louise; K&uuml;nne, Annika; Devers, Alexandre; Branger, Flora; Kralisch, Sven; Vidal, Jean-Philippe, 2025, ""Hydrological reconstruction (1960-2021) of the B&uuml;kk&ouml;sdi DRN (Hungary)"", <a href=""https://doi.org/10.57745/SLQKXX"" target=""_blank"">https://doi.org/10.57745/SLQKXX</a>, Recherche Data Gouv, V1","DRYvER-WP1-DRN-EU","DRYvER-WP1 Hydrological modelling catchment scale Europe","Mimeau, Louise; Künne, Annika; Devers, Alexandre; Branger, Flora; Kralisch, Sven; Vidal, Jean-Philippe, 2025, ""Hydrological reconstruction (1960-2021) of the Bükkösdi DRN (Hungary)"", https://doi.org/10.57745/SLQKXX, Recherche Data Gouv, V1","inrae://10.57745/SLQKXX","hydrological intermittence; hydrological simulations","Earth and Environmental Sciences",5,276071,"RELEASED",1,0,"2025-02-14T16:22:22Z","2025-02-19T10:07:40Z","Mimeau, Louise; INRAE, UR RiverLy, Villeurbanne, France","Mimeau, L., Künne, A., Branger, F., Kralisch, S., Devers, A., and Vidal, J.-P.: Flow intermittence prediction using a hybrid hydrological modelling approach: influence of observed intermittence data on the training of a random forest model, Hydrol. Earth Syst. Sci. 2024; Mimeau, L., Künne, A., Devers, A., Branger, F., Kralisch, S., Lauvernet, C., Vidal, J.-P., Bonada, N., Csabai, Z., Mykrä, H., Pařil, P., Polović, L., and Datry, T.: Projections of streamflow intermittence under climate change in European drying river networks, Hydrol. Earth Syst. Sci. Discuss. [preprint]. 2024","DRYvER","Hungary; Bükkösdi catchment,","Mimeau, Louise; Künne, Annika; Devers, Alexandre; Branger, Flora; Kralisch, Sven; Vidal, Jean-Philippe"
"Hydrological reconstruction (1960-2021) of the Butiznica DRN (Croatia)","dataset","https://doi.org/10.57745/1XGAMX","doi:10.57745/1XGAMX","Hydrological model outputs at daily time step for the reconstruction period (1960-2021) in the Butiznica DRN (Croatia). Simulated discharge, baseflow an state of flow (flowing/dry) is spatially distributed at the reach scale. Other hydroclimatic variables (temperature, precipitation, rainfall, snowfall, potential evapotranspiration, actual evapotranspiration, vegetation interception, snow water equivalent, saturation of the soil layer, saturation of the grounwater layer) are spatially aggregated at the catchment scale.","2025-02-19T10:06:12Z","DRYvER-WP1 Hydrological modelling catchment scale Europe","Mimeau, Louise; K&uuml;nne, Annika; Devers, Alexandre; Branger, Flora; Kralisch, Sven; Vidal, Jean-Philippe, 2025, ""Hydrological reconstruction (1960-2021) of the Butiznica DRN (Croatia)"", <a href=""https://doi.org/10.57745/1XGAMX"" target=""_blank"">https://doi.org/10.57745/1XGAMX</a>, Recherche Data Gouv, V1","DRYvER-WP1-DRN-EU","DRYvER-WP1 Hydrological modelling catchment scale Europe","Mimeau, Louise; Künne, Annika; Devers, Alexandre; Branger, Flora; Kralisch, Sven; Vidal, Jean-Philippe, 2025, ""Hydrological reconstruction (1960-2021) of the Butiznica DRN (Croatia)"", https://doi.org/10.57745/1XGAMX, Recherche Data Gouv, V1","inrae://10.57745/1XGAMX","hydrological intermittence; hydrological simulations","Earth and Environmental Sciences",5,276072,"RELEASED",1,0,"2025-02-14T16:26:33Z","2025-02-19T10:06:12Z","Mimeau, Louise; INRAE, UR RiverLy, Villeurbanne, France","Mimeau, L., Künne, A., Branger, F., Kralisch, S., Devers, A., and Vidal, J.-P.: Flow intermittence prediction using a hybrid hydrological modelling approach: influence of observed intermittence data on the training of a random forest model, Hydrol. Earth Syst. Sci. 2024; Mimeau, L., Künne, A., Devers, A., Branger, F., Kralisch, S., Lauvernet, C., Vidal, J.-P., Bonada, N., Csabai, Z., Mykrä, H., Pařil, P., Polović, L., and Datry, T.: Projections of streamflow intermittence under climate change in European drying river networks, Hydrol. Earth Syst. Sci. Discuss. [preprint]. 2024","DRYvER","Croatia; Butiznica catchment,","Mimeau, Louise; Künne, Annika; Devers, Alexandre; Branger, Flora; Kralisch, Sven; Vidal, Jean-Philippe"
"Hydrological reconstruction (1960-2021) of the Albarine DRN (France)","dataset","https://doi.org/10.57745/VTRRQL","doi:10.57745/VTRRQL","Hydrological model outputs at daily time step for the reconstruction period (1960-2021) in the Albarine DRN (France). Simulated discharge, baseflow an state of flow (flowing/dry) is spatially distributed at the reach scale. Other hydroclimatic variables (temperature, precipitation, rainfall, snowfall, potential evapotranspiration, actual evapotranspiration, vegetation interception, snow water equivalent, saturation of the soil layer, saturation of the grounwater layer) are spatially aggregated at the catchment scale.","2025-02-19T10:08:32Z","DRYvER-WP1 Hydrological modelling catchment scale Europe","Mimeau, Louise; K&uuml;nne, Annika; Devers, Alexandre; Branger, Flora; Kralisch, Sven; Vidal, Jean-Philippe, 2025, ""Hydrological reconstruction (1960-2021) of the Albarine DRN (France)"", <a href=""https://doi.org/10.57745/VTRRQL"" target=""_blank"">https://doi.org/10.57745/VTRRQL</a>, Recherche Data Gouv, V1","DRYvER-WP1-DRN-EU","DRYvER-WP1 Hydrological modelling catchment scale Europe","Mimeau, Louise; Künne, Annika; Devers, Alexandre; Branger, Flora; Kralisch, Sven; Vidal, Jean-Philippe, 2025, ""Hydrological reconstruction (1960-2021) of the Albarine DRN (France)"", https://doi.org/10.57745/VTRRQL, Recherche Data Gouv, V1","inrae://10.57745/VTRRQL","hydrological simulations; hydrological intermittence","Earth and Environmental Sciences",5,276070,"RELEASED",1,0,"2025-02-14T16:17:00Z","2025-02-19T10:08:32Z","Mimeau, Louise; INRAE, UR RiverLy, Villeurbanne, France","Mimeau, L., Künne, A., Branger, F., Kralisch, S., Devers, A., and Vidal, J.-P.: Flow intermittence prediction using a hybrid hydrological modelling approach: influence of observed intermittence data on the training of a random forest model, Hydrol. Earth Syst. Sci. 2024; Mimeau, L., Künne, A., Devers, A., Branger, F., Kralisch, S., Lauvernet, C., Vidal, J.-P., Bonada, N., Csabai, Z., Mykrä, H., Pařil, P., Polović, L., and Datry, T.: Projections of streamflow intermittence under climate change in European drying river networks, Hydrol. Earth Syst. Sci. Discuss. [preprint]. 2024","DRYvER","France; Albarine catchment,","Mimeau, Louise; Künne, Annika; Devers, Alexandre; Branger, Flora; Kralisch, Sven; Vidal, Jean-Philippe"
"Hydrological reconstruction (1960-2021) of the Lepsämänjoki DRN (Finland)","dataset","https://doi.org/10.57745/EJG7KJ","doi:10.57745/EJG7KJ","Hydrological model outputs at daily time step for the reconstruction period (1960-2021) in the Lepsämänjoki DRN (Finland). Simulated discharge, baseflow an state of flow (flowing/dry) is spatially distributed at the reach scale. Other hydroclimatic variables (temperature, precipitation, rainfall, snowfall, potential evapotranspiration, actual evapotranspiration, vegetation interception, snow water equivalent, saturation of the soil layer, saturation of the grounwater layer) are spatially aggregated at the catchment scale.","2025-02-19T10:06:53Z","DRYvER-WP1 Hydrological modelling catchment scale Europe","Mimeau, Louise; K&uuml;nne, Annika; Devers, Alexandre; Branger, Flora; Kralisch, Sven; Vidal, Jean-Philippe, 2025, ""Hydrological reconstruction (1960-2021) of the Leps&auml;m&auml;njoki DRN (Finland)"", <a href=""https://doi.org/10.57745/EJG7KJ"" target=""_blank"">https://doi.org/10.57745/EJG7KJ</a>, Recherche Data Gouv, V1","DRYvER-WP1-DRN-EU","DRYvER-WP1 Hydrological modelling catchment scale Europe","Mimeau, Louise; Künne, Annika; Devers, Alexandre; Branger, Flora; Kralisch, Sven; Vidal, Jean-Philippe, 2025, ""Hydrological reconstruction (1960-2021) of the Lepsämänjoki DRN (Finland)"", https://doi.org/10.57745/EJG7KJ, Recherche Data Gouv, V1","inrae://10.57745/EJG7KJ","hydrological intermittence; hydrological simulations","Earth and Environmental Sciences",5,276074,"RELEASED",1,0,"2025-02-14T16:34:24Z","2025-02-19T10:06:53Z","Mimeau, Louise; INRAE, UR RiverLy, Villeurbanne, France","Mimeau, L., Künne, A., Branger, F., Kralisch, S., Devers, A., and Vidal, J.-P.: Flow intermittence prediction using a hybrid hydrological modelling approach: influence of observed intermittence data on the training of a random forest model, Hydrol. Earth Syst. Sci. 2024; Mimeau, L., Künne, A., Devers, A., Branger, F., Kralisch, S., Lauvernet, C., Vidal, J.-P., Bonada, N., Csabai, Z., Mykrä, H., Pařil, P., Polović, L., and Datry, T.: Projections of streamflow intermittence under climate change in European drying river networks, Hydrol. Earth Syst. Sci. Discuss. [preprint]. 2024","DRYvER","Finland; Lepsämänjoki catchment,","Mimeau, Louise; Künne, Annika; Devers, Alexandre; Branger, Flora; Kralisch, Sven; Vidal, Jean-Philippe"
"Hydrological reconstruction (1960-2021) of the Velicka DRN (Czechia)","dataset","https://doi.org/10.57745/QFNFPN","doi:10.57745/QFNFPN","Hydrological model outputs at daily time step for the reconstruction period (1960-2021) in the Velicka DRN (Czechia). Simulated discharge, baseflow an state of flow (flowing/dry) is spatially distributed at the reach scale. Other hydroclimatic variables (temperature, precipitation, rainfall, snowfall, potential evapotranspiration, actual evapotranspiration, vegetation interception, snow water equivalent, saturation of the soil layer, saturation of the grounwater layer) are spatially aggregated at the catchment scale.","2025-02-19T10:04:13Z","DRYvER-WP1 Hydrological modelling catchment scale Europe","Mimeau, Louise; K&uuml;nne, Annika; Devers, Alexandre; Branger, Flora; Kralisch, Sven; Vidal, Jean-Philippe, 2025, ""Hydrological reconstruction (1960-2021) of the Velicka DRN (Czechia)"", <a href=""https://doi.org/10.57745/QFNFPN"" target=""_blank"">https://doi.org/10.57745/QFNFPN</a>, Recherche Data Gouv, V1","DRYvER-WP1-DRN-EU","DRYvER-WP1 Hydrological modelling catchment scale Europe","Mimeau, Louise; Künne, Annika; Devers, Alexandre; Branger, Flora; Kralisch, Sven; Vidal, Jean-Philippe, 2025, ""Hydrological reconstruction (1960-2021) of the Velicka DRN (Czechia)"", https://doi.org/10.57745/QFNFPN, Recherche Data Gouv, V1","inrae://10.57745/QFNFPN","hydrological intermittence; hydrological simulations","Earth and Environmental Sciences",5,276248,"RELEASED",1,1,"2025-02-14T16:37:29Z","2025-02-26T17:38:35Z","Mimeau, Louise; INRAE, UR RiverLy, Villeurbanne, France","Mimeau, L., Künne, A., Branger, F., Kralisch, S., Devers, A., and Vidal, J.-P.: Flow intermittence prediction using a hybrid hydrological modelling approach: influence of observed intermittence data on the training of a random forest model, Hydrol. Earth Syst. Sci. 2024; Mimeau, L., Künne, A., Devers, A., Branger, F., Kralisch, S., Lauvernet, C., Vidal, J.-P., Bonada, N., Csabai, Z., Mykrä, H., Pařil, P., Polović, L., and Datry, T.: Projections of streamflow intermittence under climate change in European drying river networks, Hydrol. Earth Syst. Sci. Discuss. [preprint]. 2024","DRYvER","Czech Republic; Velička catchment,","Mimeau, Louise; Künne, Annika; Devers, Alexandre; Branger, Flora; Kralisch, Sven; Vidal, Jean-Philippe"
"Hydrological reconstruction (1960-2021) of the Genal DRN (Spain)","dataset","https://doi.org/10.57745/VXBMAF","doi:10.57745/VXBMAF","Hydrological model outputs at daily time step for the reconstruction period (1960-2021) in the Genal DRN (Spain). Simulated discharge, baseflow an state of flow (flowing/dry) is spatially distributed at the reach scale. Other hydroclimatic variables (temperature, precipitation, rainfall, snowfall, potential evapotranspiration, actual evapotranspiration, vegetation interception, snow water equivalent, saturation of the soil layer, saturation of the grounwater layer) are spatially aggregated at the catchment scale.","2025-02-19T10:05:29Z","DRYvER-WP1 Hydrological modelling catchment scale Europe","Mimeau, Louise; K&uuml;nne, Annika; Devers, Alexandre; Branger, Flora; Kralisch, Sven; Vidal, Jean-Philippe, 2025, ""Hydrological reconstruction (1960-2021) of the Genal DRN (Spain)"", <a href=""https://doi.org/10.57745/VXBMAF"" target=""_blank"">https://doi.org/10.57745/VXBMAF</a>, Recherche Data Gouv, V1","DRYvER-WP1-DRN-EU","DRYvER-WP1 Hydrological modelling catchment scale Europe","Mimeau, Louise; Künne, Annika; Devers, Alexandre; Branger, Flora; Kralisch, Sven; Vidal, Jean-Philippe, 2025, ""Hydrological reconstruction (1960-2021) of the Genal DRN (Spain)"", https://doi.org/10.57745/VXBMAF, Recherche Data Gouv, V1","inrae://10.57745/VXBMAF","hydrological intermittence; hydrological simulations","Earth and Environmental Sciences",5,276073,"RELEASED",1,0,"2025-02-14T16:29:43Z","2025-02-19T10:05:29Z","Mimeau, Louise; INRAE, UR RiverLy, Villeurbanne, France","Mimeau, L., Künne, A., Branger, F., Kralisch, S., Devers, A., and Vidal, J.-P.: Flow intermittence prediction using a hybrid hydrological modelling approach: influence of observed intermittence data on the training of a random forest model, Hydrol. Earth Syst. Sci. 2024; Mimeau, L., Künne, A., Devers, A., Branger, F., Kralisch, S., Lauvernet, C., Vidal, J.-P., Bonada, N., Csabai, Z., Mykrä, H., Pařil, P., Polović, L., and Datry, T.: Projections of streamflow intermittence under climate change in European drying river networks, Hydrol. Earth Syst. Sci. Discuss. [preprint]. 2024","DRYvER","Spain; Genal catchment,","Mimeau, Louise; Künne, Annika; Devers, Alexandre; Branger, Flora; Kralisch, Sven; Vidal, Jean-Philippe"
"Flow intermittence observations collected in the European Drying River Networks","dataset","https://doi.org/10.57745/VIPKDP","doi:10.57745/VIPKDP","Flow intermittence observation collected in the 6 studied European Drying River Networks (DRNs) of the DRYvER project from various sources (field campaigns, gauging stations, citizen science applications, remote sensing).","2025-02-19T10:19:31Z","DRYvER-WP1 Hydrological modelling catchment scale Europe","Mimeau, Louise; K&uuml;nne, Annika; Datry, Thibault; Csabai, Zolt&aacute;n; Polović, Luka; Bonada, N&uacute;ria; Mykr&auml;, Heikki; Pařil, Petr, 2025, ""Flow intermittence observations collected in the European Drying River Networks"", <a href=""https://doi.org/10.57745/VIPKDP"" target=""_blank"">https://doi.org/10.57745/VIPKDP</a>, Recherche Data Gouv, V1, UNF:6:xO8fprEsOdUj+EIRl6nsCw== [fileUNF]","DRYvER-WP1-DRN-EU","DRYvER-WP1 Hydrological modelling catchment scale Europe","Mimeau, Louise; Künne, Annika; Datry, Thibault; Csabai, Zoltán; Polović, Luka; Bonada, Núria; Mykrä, Heikki; Pařil, Petr, 2025, ""Flow intermittence observations collected in the European Drying River Networks"", https://doi.org/10.57745/VIPKDP, Recherche Data Gouv, V1, UNF:6:xO8fprEsOdUj+EIRl6nsCw== [fileUNF]","inrae://10.57745/VIPKDP","hydrological intermittence; observation","Earth and Environmental Sciences",7,276246,"RELEASED",1,1,"2025-02-14T14:44:10Z","2025-02-26T17:36:55Z","Mimeau, Louise; INRAE, UR RiverLy, Villeurbanne, France","Mimeau, L., Künne, A., Branger, F., Kralisch, S., Devers, A., and Vidal, J.-P.: Flow intermittence prediction using a hybrid hydrological modelling approach: influence of observed intermittence data on the training of a random forest model, Hydrol. Earth Syst. Sci. 2024; Mimeau, L., Künne, A., Devers, A., Branger, F., Kralisch, S., Lauvernet, C., Vidal, J.-P., Bonada, N., Csabai, Z., Mykrä, H., Pařil, P., Polović, L., and Datry, T.: Projections of streamflow intermittence under climate change in European drying river networks, Hydrol. Earth Syst. Sci. Discuss. [preprint]. 2024","DRYvER","France; Albarine catchment,; Hungary; Bükkösdi catchment,; Croatia; Butiznica catchment,; Spain; Genal catchment,; Finland; Lepsämänjoki catchment,; Czech Republic; Velička catchment,","Mimeau, Louise; Künne, Annika; Datry, Thibault; Csabai, Zoltán; Polović, Luka; Bonada, Núria; Mykrä, Heikki; Pařil, Petr"
"Random forest models for predicting the flow intermittence in the 6 European Drying River Networks","dataset","https://doi.org/10.57745/MHTN16","doi:10.57745/MHTN16","Random forest models to predict the state of flow (0=dry, 1=flowing) are the reach scales and at daily time step in the 6 European DRNs","2025-02-19T10:11:59Z","DRYvER-WP1 Hydrological modelling catchment scale Europe","Mimeau, Louise; K&uuml;nne, Annika; Devers, Alexandre; Branger, Flora; Kralisch, Sven; Vidal, Jean-Philippe, 2025, ""Random forest models for predicting the flow intermittence in the 6 European Drying River Networks"", <a href=""https://doi.org/10.57745/MHTN16"" target=""_blank"">https://doi.org/10.57745/MHTN16</a>, Recherche Data Gouv, V1","DRYvER-WP1-DRN-EU","DRYvER-WP1 Hydrological modelling catchment scale Europe","Mimeau, Louise; Künne, Annika; Devers, Alexandre; Branger, Flora; Kralisch, Sven; Vidal, Jean-Philippe, 2025, ""Random forest models for predicting the flow intermittence in the 6 European Drying River Networks"", https://doi.org/10.57745/MHTN16, Recherche Data Gouv, V1","inrae://10.57745/MHTN16","hydrological intermittence; random forest","Earth and Environmental Sciences",7,276247,"RELEASED",1,1,"2025-02-14T15:38:38Z","2025-02-26T17:37:45Z","Mimeau, Louise; INRAE, UR RiverLy, Villeurbanne, France","Mimeau, L., Künne, A., Branger, F., Kralisch, S., Devers, A., and Vidal, J.-P.: Flow intermittence prediction using a hybrid hydrological modelling approach: influence of observed intermittence data on the training of a random forest model, Hydrol. Earth Syst. Sci. 2024; Mimeau, L., Künne, A., Devers, A., Branger, F., Kralisch, S., Lauvernet, C., Vidal, J.-P., Bonada, N., Csabai, Z., Mykrä, H., Pařil, P., Polović, L., and Datry, T.: Projections of streamflow intermittence under climate change in European drying river networks, Hydrol. Earth Syst. Sci. Discuss. [preprint]. 2024","DRYvER","France; Albarine catchment,; Hungary; Bükkösdi catchment,; Croatia; Butiznica catchment,; Spain; Genal catchment,; Finland; Lepsämänjoki catchment,; Czech Republic; Velička catchment,","Mimeau, Louise; Künne, Annika; Devers, Alexandre; Branger, Flora; Kralisch, Sven; Vidal, Jean-Philippe"
"Flow intermittence indicators from the reconstruction simulations (1960-2021) in the Bükkösdi DRN (Hungary)","dataset","https://doi.org/10.57745/13Q77Z","doi:10.57745/13Q77Z","Statistical monthly and yearly flow intermittence indicators calculated from the simulated daily state of flow in the Bükkösdi DRN (Hungary). Indicators for the reconstruction period (1960-2021).","2025-02-19T10:02:38Z","DRYvER-WP1 Hydrological modelling catchment scale Europe","Mimeau, Louise; K&uuml;nne, Annika; Devers, Alexandre; Branger, Flora; Kralisch, Sven; Vidal, Jean-Philippe, 2025, ""Flow intermittence indicators from the reconstruction simulations (1960-2021) in the B&uuml;kk&ouml;sdi DRN (Hungary)"", <a href=""https://doi.org/10.57745/13Q77Z"" target=""_blank"">https://doi.org/10.57745/13Q77Z</a>, Recherche Data Gouv, V1","DRYvER-WP1-DRN-EU","DRYvER-WP1 Hydrological modelling catchment scale Europe","Mimeau, Louise; Künne, Annika; Devers, Alexandre; Branger, Flora; Kralisch, Sven; Vidal, Jean-Philippe, 2025, ""Flow intermittence indicators from the reconstruction simulations (1960-2021) in the Bükkösdi DRN (Hungary)"", https://doi.org/10.57745/13Q77Z, Recherche Data Gouv, V1","inrae://10.57745/13Q77Z","hydrological intermittence","Earth and Environmental Sciences",21,276077,"RELEASED",1,0,"2025-02-14T17:03:47Z","2025-02-19T10:02:38Z","Mimeau, Louise; INRAE, UR RiverLy, Villeurbanne, France","Mimeau, L., Künne, A., Branger, F., Kralisch, S., Devers, A., and Vidal, J.-P.: Flow intermittence prediction using a hybrid hydrological modelling approach: influence of observed intermittence data on the training of a random forest model, Hydrol. Earth Syst. Sci. 2024; Mimeau, L., Künne, A., Devers, A., Branger, F., Kralisch, S., Lauvernet, C., Vidal, J.-P., Bonada, N., Csabai, Z., Mykrä, H., Pařil, P., Polović, L., and Datry, T.: Projections of streamflow intermittence under climate change in European drying river networks, Hydrol. Earth Syst. Sci. Discuss. [preprint]. 2024","DRYvER","Hungary; Bükkösdi catchment,","Mimeau, Louise; Künne, Annika; Devers, Alexandre; Branger, Flora; Kralisch, Sven; Vidal, Jean-Philippe"
"Flow intermittence indicators from the reconstruction simulations (1960-2021) in the Butiznica DRN (Croatia)","dataset","https://doi.org/10.57745/ZYZAEV","doi:10.57745/ZYZAEV","Statistical monthly and yearly flow intermittence indicators calculated from the simulated daily state of flow in the Butiznica DRN (Croatia). Indicators for the reconstruction period (1960-2021).","2025-02-19T10:01:40Z","DRYvER-WP1 Hydrological modelling catchment scale Europe","Mimeau, Louise; K&uuml;nne, Annika; Devers, Alexandre; Branger, Flora; Kralisch, Sven; Vidal, Jean-Philippe, 2025, ""Flow intermittence indicators from the reconstruction simulations (1960-2021) in the Butiznica DRN (Croatia)"", <a href=""https://doi.org/10.57745/ZYZAEV"" target=""_blank"">https://doi.org/10.57745/ZYZAEV</a>, Recherche Data Gouv, V1","DRYvER-WP1-DRN-EU","DRYvER-WP1 Hydrological modelling catchment scale Europe","Mimeau, Louise; Künne, Annika; Devers, Alexandre; Branger, Flora; Kralisch, Sven; Vidal, Jean-Philippe, 2025, ""Flow intermittence indicators from the reconstruction simulations (1960-2021) in the Butiznica DRN (Croatia)"", https://doi.org/10.57745/ZYZAEV, Recherche Data Gouv, V1","inrae://10.57745/ZYZAEV","hydrological intermittence","Earth and Environmental Sciences",21,276078,"RELEASED",1,0,"2025-02-14T17:06:45Z","2025-02-19T10:01:40Z","Mimeau, Louise; INRAE, UR RiverLy, Villeurbanne, France","Mimeau, L., Künne, A., Branger, F., Kralisch, S., Devers, A., and Vidal, J.-P.: Flow intermittence prediction using a hybrid hydrological modelling approach: influence of observed intermittence data on the training of a random forest model, Hydrol. Earth Syst. Sci. 2024; Mimeau, L., Künne, A., Devers, A., Branger, F., Kralisch, S., Lauvernet, C., Vidal, J.-P., Bonada, N., Csabai, Z., Mykrä, H., Pařil, P., Polović, L., and Datry, T.: Projections of streamflow intermittence under climate change in European drying river networks, Hydrol. Earth Syst. Sci. Discuss. [preprint]. 2024","DRYvER","Croatia; Butiznica catchment,","Mimeau, Louise; Künne, Annika; Devers, Alexandre; Branger, Flora; Kralisch, Sven; Vidal, Jean-Philippe"
"Flow intermittence indicators from the reconstruction simulations (1960-2021) in the Albarine DRN (France)","dataset","https://doi.org/10.57745/NAHT7K","doi:10.57745/NAHT7K","Statistical monthly and yearly flow intermittence indicators calculated from the simulated daily state of flow in the Albarine DRN (France). Indicators for the reconstruction period (1960-2021).","2025-02-19T10:03:20Z","DRYvER-WP1 Hydrological modelling catchment scale Europe","Mimeau, Louise; K&uuml;nne, Annika; Devers, Alexandre; Branger, Flora; Kralisch, Sven; Vidal, Jean-Philippe, 2025, ""Flow intermittence indicators from the reconstruction simulations (1960-2021) in the Albarine DRN (France)"", <a href=""https://doi.org/10.57745/NAHT7K"" target=""_blank"">https://doi.org/10.57745/NAHT7K</a>, Recherche Data Gouv, V1","DRYvER-WP1-DRN-EU","DRYvER-WP1 Hydrological modelling catchment scale Europe","Mimeau, Louise; Künne, Annika; Devers, Alexandre; Branger, Flora; Kralisch, Sven; Vidal, Jean-Philippe, 2025, ""Flow intermittence indicators from the reconstruction simulations (1960-2021) in the Albarine DRN (France)"", https://doi.org/10.57745/NAHT7K, Recherche Data Gouv, V1","inrae://10.57745/NAHT7K","hydrological intermittence","Earth and Environmental Sciences",21,276076,"RELEASED",1,0,"2025-02-14T16:58:52Z","2025-02-19T10:03:20Z","Mimeau, Louise; INRAE, UR RiverLy, Villeurbanne, France","Mimeau, L., Künne, A., Branger, F., Kralisch, S., Devers, A., and Vidal, J.-P.: Flow intermittence prediction using a hybrid hydrological modelling approach: influence of observed intermittence data on the training of a random forest model, Hydrol. Earth Syst. Sci. 2024; Mimeau, L., Künne, A., Devers, A., Branger, F., Kralisch, S., Lauvernet, C., Vidal, J.-P., Bonada, N., Csabai, Z., Mykrä, H., Pařil, P., Polović, L., and Datry, T.: Projections of streamflow intermittence under climate change in European drying river networks, Hydrol. Earth Syst. Sci. Discuss. [preprint]. 2024","DRYvER","France; Albarine catchment,","Mimeau, Louise; Künne, Annika; Devers, Alexandre; Branger, Flora; Kralisch, Sven; Vidal, Jean-Philippe"
"Flow intermittence indicators from the reconstruction simulations (1960-2021) in the Lepsämänjoki DRN (Finland)","dataset","https://doi.org/10.57745/XGDGRR","doi:10.57745/XGDGRR","Statistical monthly and yearly flow intermittence indicators calculated from the simulated daily state of flow in the Lepsämänjoki DRN (Finland). Indicators for the reconstruction period (1960-2021).","2025-02-19T09:58:36Z","DRYvER-WP1 Hydrological modelling catchment scale Europe","Mimeau, Louise; K&uuml;nne, Annika; Devers, Alexandre; Branger, Flora; Kralisch, Sven; Vidal, Jean-Philippe, 2025, ""Flow intermittence indicators from the reconstruction simulations (1960-2021) in the Leps&auml;m&auml;njoki DRN (Finland)"", <a href=""https://doi.org/10.57745/XGDGRR"" target=""_blank"">https://doi.org/10.57745/XGDGRR</a>, Recherche Data Gouv, V1","DRYvER-WP1-DRN-EU","DRYvER-WP1 Hydrological modelling catchment scale Europe","Mimeau, Louise; Künne, Annika; Devers, Alexandre; Branger, Flora; Kralisch, Sven; Vidal, Jean-Philippe, 2025, ""Flow intermittence indicators from the reconstruction simulations (1960-2021) in the Lepsämänjoki DRN (Finland)"", https://doi.org/10.57745/XGDGRR, Recherche Data Gouv, V1","inrae://10.57745/XGDGRR","hydrological intermittence","Earth and Environmental Sciences",21,276080,"RELEASED",1,0,"2025-02-14T17:13:46Z","2025-02-19T09:58:36Z","Mimeau, Louise; INRAE, UR RiverLy, Villeurbanne, France","Mimeau, L., Künne, A., Branger, F., Kralisch, S., Devers, A., and Vidal, J.-P.: Flow intermittence prediction using a hybrid hydrological modelling approach: influence of observed intermittence data on the training of a random forest model, Hydrol. Earth Syst. Sci. 2024; Mimeau, L., Künne, A., Devers, A., Branger, F., Kralisch, S., Lauvernet, C., Vidal, J.-P., Bonada, N., Csabai, Z., Mykrä, H., Pařil, P., Polović, L., and Datry, T.: Projections of streamflow intermittence under climate change in European drying river networks, Hydrol. Earth Syst. Sci. Discuss. [preprint]. 2024","DRYvER","Finland; Lepsämänjoki catchment,","Mimeau, Louise; Künne, Annika; Devers, Alexandre; Branger, Flora; Kralisch, Sven; Vidal, Jean-Philippe"
"Flow intermittence indicators from the reconstruction simulations (1960-2021) in the Velicka DRN (Czechia)","dataset","https://doi.org/10.57745/4ETHSY","doi:10.57745/4ETHSY","Statistical monthly and yearly flow intermittence indicators calculated from the simulated daily state of flow in the Velicka DRN (Czechia). Indicators for the reconstruction period (1960-2021).","2025-02-19T09:57:14Z","DRYvER-WP1 Hydrological modelling catchment scale Europe","Mimeau, Louise; K&uuml;nne, Annika; Devers, Alexandre; Branger, Flora; Kralisch, Sven; Vidal, Jean-Philippe, 2025, ""Flow intermittence indicators from the reconstruction simulations (1960-2021) in the Velicka DRN (Czechia)"", <a href=""https://doi.org/10.57745/4ETHSY"" target=""_blank"">https://doi.org/10.57745/4ETHSY</a>, Recherche Data Gouv, V1","DRYvER-WP1-DRN-EU","DRYvER-WP1 Hydrological modelling catchment scale Europe","Mimeau, Louise; Künne, Annika; Devers, Alexandre; Branger, Flora; Kralisch, Sven; Vidal, Jean-Philippe, 2025, ""Flow intermittence indicators from the reconstruction simulations (1960-2021) in the Velicka DRN (Czechia)"", https://doi.org/10.57745/4ETHSY, Recherche Data Gouv, V1","inrae://10.57745/4ETHSY","hydrological intermittence","Earth and Environmental Sciences",21,276249,"RELEASED",1,1,"2025-02-14T17:17:41Z","2025-02-26T17:39:36Z","Mimeau, Louise; INRAE, UR RiverLy, Villeurbanne, France","Mimeau, L., Künne, A., Branger, F., Kralisch, S., Devers, A., and Vidal, J.-P.: Flow intermittence prediction using a hybrid hydrological modelling approach: influence of observed intermittence data on the training of a random forest model, Hydrol. Earth Syst. Sci. 2024; Mimeau, L., Künne, A., Devers, A., Branger, F., Kralisch, S., Lauvernet, C., Vidal, J.-P., Bonada, N., Csabai, Z., Mykrä, H., Pařil, P., Polović, L., and Datry, T.: Projections of streamflow intermittence under climate change in European drying river networks, Hydrol. Earth Syst. Sci. Discuss. [preprint]. 2024","DRYvER","Czech Republic; Velička catchment,","Mimeau, Louise; Künne, Annika; Devers, Alexandre; Branger, Flora; Kralisch, Sven; Vidal, Jean-Philippe"
"Flow intermittence indicators from the reconstruction simulations (1960-2021) in the Genal DRN (Spain)","dataset","https://doi.org/10.57745/9RP7MU","doi:10.57745/9RP7MU","Statistical monthly and yearly flow intermittence indicators calculated from the simulated daily state of flow in the Genal DRN (Spain). Indicators for the reconstruction period (1960-2021).","2025-02-19T10:00:00Z","DRYvER-WP1 Hydrological modelling catchment scale Europe","Mimeau, Louise; K&uuml;nne, Annika; Devers, Alexandre; Branger, Flora; Kralisch, Sven; Vidal, Jean-Philippe, 2025, ""Flow intermittence indicators from the reconstruction simulations (1960-2021) in the Genal DRN (Spain)"", <a href=""https://doi.org/10.57745/9RP7MU"" target=""_blank"">https://doi.org/10.57745/9RP7MU</a>, Recherche Data Gouv, V1","DRYvER-WP1-DRN-EU","DRYvER-WP1 Hydrological modelling catchment scale Europe","Mimeau, Louise; Künne, Annika; Devers, Alexandre; Branger, Flora; Kralisch, Sven; Vidal, Jean-Philippe, 2025, ""Flow intermittence indicators from the reconstruction simulations (1960-2021) in the Genal DRN (Spain)"", https://doi.org/10.57745/9RP7MU, Recherche Data Gouv, V1","inrae://10.57745/9RP7MU","hydrological intermittence","Earth and Environmental Sciences",21,276079,"RELEASED",1,0,"2025-02-14T17:09:49Z","2025-02-19T10:00:00Z","Mimeau, Louise; INRAE, UR RiverLy, Villeurbanne, France","Mimeau, L., Künne, A., Branger, F., Kralisch, S., Devers, A., and Vidal, J.-P.: Flow intermittence prediction using a hybrid hydrological modelling approach: influence of observed intermittence data on the training of a random forest model, Hydrol. Earth Syst. Sci. 2024; Mimeau, L., Künne, A., Devers, A., Branger, F., Kralisch, S., Lauvernet, C., Vidal, J.-P., Bonada, N., Csabai, Z., Mykrä, H., Pařil, P., Polović, L., and Datry, T.: Projections of streamflow intermittence under climate change in European drying river networks, Hydrol. Earth Syst. Sci. Discuss. [preprint]. 2024","DRYvER","Spain; Genal catchment,","Mimeau, Louise; Künne, Annika; Devers, Alexandre; Branger, Flora; Kralisch, Sven; Vidal, Jean-Philippe"
"Downscaled climate projections (1971-2100) for the Vantaanjoki-Lepsämänjoki river basin (Finland)","dataset","https://doi.org/10.57745/LLSVUH","doi:10.57745/LLSVUH","Downscaled projections of temperature, precipitation, and reference evapotranspiration for the Vantaanjoki river basin (which includes the Lepsämänjoki DRN). 3 SSP scenarios and 5 climate models.","2025-02-19T09:48:40Z","DRYvER-WP1 Hydrological modelling catchment scale Europe","Devers, Alexandre; Lauvernet, Claire; Vidal, Jean-Philippe, 2025, ""Downscaled climate projections (1971-2100) for the Vantaanjoki-Leps&auml;m&auml;njoki river basin (Finland)"", <a href=""https://doi.org/10.57745/LLSVUH"" target=""_blank"">https://doi.org/10.57745/LLSVUH</a>, Recherche Data Gouv, V1","DRYvER-WP1-DRN-EU","DRYvER-WP1 Hydrological modelling catchment scale Europe","Devers, Alexandre; Lauvernet, Claire; Vidal, Jean-Philippe, 2025, ""Downscaled climate projections (1971-2100) for the Vantaanjoki-Lepsämänjoki river basin (Finland)"", https://doi.org/10.57745/LLSVUH, Recherche Data Gouv, V1","inrae://10.57745/LLSVUH","spatial downscaling; climate change","Earth and Environmental Sciences",16,276087,"RELEASED",1,0,"2025-02-14T18:04:28Z","2025-02-19T09:48:40Z","Mimeau, Louise; INRAE, UR RiverLy, Villeurbanne, France","Devers, A., Lauvernet, C., and Vidal, J.-P.: DRYvER Deliverable D1.6 - Report on downscaling global climate projections for catchment scale hydrological modelling, Tech. rep., INRAE, 2023; https://www.dryver.eu/results/reports-and-documents; Mimeau, L., Künne, A., Devers, A., Branger, F., Kralisch, S., Lauvernet, C., Vidal, J.-P., Bonada, N., Csabai, Z., Mykrä, H., Pařil, P., Polović, L., and Datry, T.: Projections of streamflow intermittence under climate change in European drying river networks, Hydrol. Earth Syst. Sci. Discuss. [preprint]. 2024","DRYvER","Finland; Lepsämänjoki catchment,","Devers, Alexandre; Lauvernet, Claire; Vidal, Jean-Philippe"
"Downscaled climate projections (1971-2100) for the Krka-Butiznica river basin (Croatia)","dataset","https://doi.org/10.57745/WCQ1JQ","doi:10.57745/WCQ1JQ","Downscaled projections of temperature, precipitation, and reference evapotranspiration for the Krka river basin (which includes the Butiznica DRN). 3 SSP scenarios and 5 climate models.","2025-02-19T09:51:56Z","DRYvER-WP1 Hydrological modelling catchment scale Europe","Devers, Alexandre; Lauvernet, Claire; Vidal, Jean-Philippe, 2025, ""Downscaled climate projections (1971-2100) for the Krka-Butiznica river basin (Croatia)"", <a href=""https://doi.org/10.57745/WCQ1JQ"" target=""_blank"">https://doi.org/10.57745/WCQ1JQ</a>, Recherche Data Gouv, V1","DRYvER-WP1-DRN-EU","DRYvER-WP1 Hydrological modelling catchment scale Europe","Devers, Alexandre; Lauvernet, Claire; Vidal, Jean-Philippe, 2025, ""Downscaled climate projections (1971-2100) for the Krka-Butiznica river basin (Croatia)"", https://doi.org/10.57745/WCQ1JQ, Recherche Data Gouv, V1","inrae://10.57745/WCQ1JQ","spatial downscaling; climate change","Earth and Environmental Sciences",16,276085,"RELEASED",1,0,"2025-02-14T17:55:55Z","2025-02-19T09:51:56Z","Mimeau, Louise; INRAE, UR RiverLy, Villeurbanne, France","Devers, A., Lauvernet, C., and Vidal, J.-P.: DRYvER Deliverable D1.6 - Report on downscaling global climate projections for catchment scale hydrological modelling, Tech. rep., INRAE, 2023; https://www.dryver.eu/results/reports-and-documents; Mimeau, L., Künne, A., Devers, A., Branger, F., Kralisch, S., Lauvernet, C., Vidal, J.-P., Bonada, N., Csabai, Z., Mykrä, H., Pařil, P., Polović, L., and Datry, T.: Projections of streamflow intermittence under climate change in European drying river networks, Hydrol. Earth Syst. Sci. Discuss. [preprint]. 2024","DRYvER","Croatia; Butiznica catchment,","Devers, Alexandre; Lauvernet, Claire; Vidal, Jean-Philippe"
"Downscaled climate projections (1971-2100) for the Guadiaro-Genal river basin (Spain)","dataset","https://doi.org/10.57745/BCISZO","doi:10.57745/BCISZO","Downscaled projections of temperature, precipitation, and reference evapotranspiration for the Guadiaro river basin (which includes the Genal DRN). 3 SSP scenarios and 5 climate models.","2025-02-19T09:50:51Z","DRYvER-WP1 Hydrological modelling catchment scale Europe","Devers, Alexandre; Lauvernet, Claire; Vidal, Jean-Philippe, 2025, ""Downscaled climate projections (1971-2100) for the Guadiaro-Genal river basin (Spain)"", <a href=""https://doi.org/10.57745/BCISZO"" target=""_blank"">https://doi.org/10.57745/BCISZO</a>, Recherche Data Gouv, V1","DRYvER-WP1-DRN-EU","DRYvER-WP1 Hydrological modelling catchment scale Europe","Devers, Alexandre; Lauvernet, Claire; Vidal, Jean-Philippe, 2025, ""Downscaled climate projections (1971-2100) for the Guadiaro-Genal river basin (Spain)"", https://doi.org/10.57745/BCISZO, Recherche Data Gouv, V1","inrae://10.57745/BCISZO","spatial downscaling; climate change","Earth and Environmental Sciences",16,276086,"RELEASED",1,0,"2025-02-14T18:00:11Z","2025-02-19T09:50:51Z","Mimeau, Louise; INRAE, UR RiverLy, Villeurbanne, France","Devers, A., Lauvernet, C., and Vidal, J.-P.: DRYvER Deliverable D1.6 - Report on downscaling global climate projections for catchment scale hydrological modelling, Tech. rep., INRAE, 2023; https://www.dryver.eu/results/reports-and-documents; Mimeau, L., Künne, A., Devers, A., Branger, F., Kralisch, S., Lauvernet, C., Vidal, J.-P., Bonada, N., Csabai, Z., Mykrä, H., Pařil, P., Polović, L., and Datry, T.: Projections of streamflow intermittence under climate change in European drying river networks, Hydrol. Earth Syst. Sci. Discuss. [preprint]. 2024","DRYvER","Spain; Genal catchment,","Devers, Alexandre; Lauvernet, Claire; Vidal, Jean-Philippe"
"Downscaled climate projections (1971-2100) for the Morava-Velicka river basin (Czechia)","dataset","https://doi.org/10.57745/MX0PUX","doi:10.57745/MX0PUX","Downscaled projections of temperature, precipitation, and reference evapotranspiration for the Morava river basin (which includes the Velicka DRN). 3 SSP scenarios and 5 climate models.","2025-02-19T09:47:49Z","DRYvER-WP1 Hydrological modelling catchment scale Europe","Devers, Alexandre; Lauvernet, Claire; Vidal, Jean-Philippe, 2025, ""Downscaled climate projections (1971-2100) for the Morava-Velicka river basin (Czechia)"", <a href=""https://doi.org/10.57745/MX0PUX"" target=""_blank"">https://doi.org/10.57745/MX0PUX</a>, Recherche Data Gouv, V1","DRYvER-WP1-DRN-EU","DRYvER-WP1 Hydrological modelling catchment scale Europe","Devers, Alexandre; Lauvernet, Claire; Vidal, Jean-Philippe, 2025, ""Downscaled climate projections (1971-2100) for the Morava-Velicka river basin (Czechia)"", https://doi.org/10.57745/MX0PUX, Recherche Data Gouv, V1","inrae://10.57745/MX0PUX","spatial downscaling; climate change","Earth and Environmental Sciences",16,276088,"RELEASED",1,0,"2025-02-14T18:10:15Z","2025-02-19T09:47:49Z","Mimeau, Louise; INRAE, UR RiverLy, Villeurbanne, France","Devers, A., Lauvernet, C., and Vidal, J.-P.: DRYvER Deliverable D1.6 - Report on downscaling global climate projections for catchment scale hydrological modelling, Tech. rep., INRAE, 2023; https://www.dryver.eu/results/reports-and-documents; Mimeau, L., Künne, A., Devers, A., Branger, F., Kralisch, S., Lauvernet, C., Vidal, J.-P., Bonada, N., Csabai, Z., Mykrä, H., Pařil, P., Polović, L., and Datry, T.: Projections of streamflow intermittence under climate change in European drying river networks, Hydrol. Earth Syst. Sci. Discuss. [preprint]. 2024","DRYvER","Czech Republic; Velička catchment,","Devers, Alexandre; Lauvernet, Claire; Vidal, Jean-Philippe"
"Geographical information for the European Drying River Networks","dataset","https://doi.org/10.57745/U0KJL3","doi:10.57745/U0KJL3","Geographic and topological information of the six studied drying river networks (DRNs) across Europe. It is designed to support hydrological modeling and flow intermittence studies. Zipped shapefiles contain geographical information on the watersheds and river networks, while CSV files detail the river network topology.","2025-02-19T10:26:09Z","DRYvER-WP1 Hydrological modelling catchment scale Europe","Mimeau, Louise; K&uuml;nne, Annika; Branger, Flora; Kralisch, Sven, 2025, ""Geographical information for the European Drying River Networks"", <a href=""https://doi.org/10.57745/U0KJL3"" target=""_blank"">https://doi.org/10.57745/U0KJL3</a>, Recherche Data Gouv, V1, UNF:6:v+FbVvjXBJnRcV/LCX55LQ== [fileUNF]","DRYvER-WP1-DRN-EU","DRYvER-WP1 Hydrological modelling catchment scale Europe","Mimeau, Louise; Künne, Annika; Branger, Flora; Kralisch, Sven, 2025, ""Geographical information for the European Drying River Networks"", https://doi.org/10.57745/U0KJL3, Recherche Data Gouv, V1, UNF:6:v+FbVvjXBJnRcV/LCX55LQ== [fileUNF]","inrae://10.57745/U0KJL3","drainage basin; geographical information systems; river network","Earth and Environmental Sciences",19,276245,"RELEASED",1,1,"2025-01-29T11:03:48Z","2025-02-26T17:36:01Z","Mimeau, Louise; INRAE, UR RiverLy, Villeurbanne, France","Mimeau, L., Künne, A., Branger, F., Kralisch, S., Devers, A., and Vidal, J.-P.: Flow intermittence prediction using a hybrid hydrological modelling approach: influence of observed intermittence data on the training of a random forest model, Hydrol. Earth Syst. Sci. 2024; Mimeau, L., Künne, A., Devers, A., Branger, F., Kralisch, S., Lauvernet, C., Vidal, J.-P., Bonada, N., Csabai, Z., Mykrä, H., Pařil, P., Polović, L., and Datry, T.: Projections of streamflow intermittence under climate change in European drying river networks, Hydrol. Earth Syst. Sci. Discuss. [preprint]. 2024","DRYvER","France; Albarine catchment,; Hungary; Bükkösdi catchment,; Croatia; Butiznica catchment,; Spain; Genal catchment,; Finland; Lepsämänjoki catchment,; Czech Republic; Velička catchment,","Mimeau, Louise; Künne, Annika; Branger, Flora; Kralisch, Sven"
"Downscaled climate projections (1971-2100) for the Fekete-Bükkösdi river basin (Hungary)","dataset","https://doi.org/10.57745/J2Z2VM","doi:10.57745/J2Z2VM","Downscaled projections of temperature, precipitation, and reference evapotranspiration for the Fekete river basin (which includes the Bükkösdi DRN). 3 SSP scenarios and 5 climate models.","2025-02-19T09:52:49Z","DRYvER-WP1 Hydrological modelling catchment scale Europe","Devers, Alexandre; Lauvernet, Claire; Vidal, Jean-Philippe, 2025, ""Downscaled climate projections (1971-2100) for the Fekete-B&uuml;kk&ouml;sdi river basin (Hungary)"", <a href=""https://doi.org/10.57745/J2Z2VM"" target=""_blank"">https://doi.org/10.57745/J2Z2VM</a>, Recherche Data Gouv, V1","DRYvER-WP1-DRN-EU","DRYvER-WP1 Hydrological modelling catchment scale Europe","Devers, Alexandre; Lauvernet, Claire; Vidal, Jean-Philippe, 2025, ""Downscaled climate projections (1971-2100) for the Fekete-Bükkösdi river basin (Hungary)"", https://doi.org/10.57745/J2Z2VM, Recherche Data Gouv, V1","inrae://10.57745/J2Z2VM","spatial downscaling; climate change","Earth and Environmental Sciences",16,276084,"RELEASED",1,0,"2025-02-14T17:51:27Z","2025-02-19T09:52:49Z","Mimeau, Louise; INRAE, UR RiverLy, Villeurbanne, France","Devers, A., Lauvernet, C., and Vidal, J.-P.: DRYvER Deliverable D1.6 - Report on downscaling global climate projections for catchment scale hydrological modelling, Tech. rep., INRAE, 2023; https://www.dryver.eu/results/reports-and-documents; Mimeau, L., Künne, A., Devers, A., Branger, F., Kralisch, S., Lauvernet, C., Vidal, J.-P., Bonada, N., Csabai, Z., Mykrä, H., Pařil, P., Polović, L., and Datry, T.: Projections of streamflow intermittence under climate change in European drying river networks, Hydrol. Earth Syst. Sci. Discuss. [preprint]. 2024","DRYvER","Hungary; Bükkösdi catchment,","Devers, Alexandre; Lauvernet, Claire; Vidal, Jean-Philippe"
"Downscaled climate projections (1971-2100) for the Ain-Albarine river basin (France)","dataset","https://doi.org/10.57745/LXZVQV","doi:10.57745/LXZVQV","Downscaled projections of temperature, precipitation, and reference evapotranspiration for the Ain river basin (which includes the Albarine DRN). 3 SSP scenarios and 5 climate models.","2025-02-19T09:54:29Z","DRYvER-WP1 Hydrological modelling catchment scale Europe","Devers, Alexandre; Lauvernet, Claire; Vidal, Jean-Philippe, 2025, ""Downscaled climate projections (1971-2100) for the Ain-Albarine river basin (France)"", <a href=""https://doi.org/10.57745/LXZVQV"" target=""_blank"">https://doi.org/10.57745/LXZVQV</a>, Recherche Data Gouv, V1","DRYvER-WP1-DRN-EU","DRYvER-WP1 Hydrological modelling catchment scale Europe","Devers, Alexandre; Lauvernet, Claire; Vidal, Jean-Philippe, 2025, ""Downscaled climate projections (1971-2100) for the Ain-Albarine river basin (France)"", https://doi.org/10.57745/LXZVQV, Recherche Data Gouv, V1","inrae://10.57745/LXZVQV","spatial downscaling; climate change","Earth and Environmental Sciences",16,276083,"RELEASED",1,0,"2025-02-14T17:43:44Z","2025-02-19T09:54:29Z","Mimeau, Louise; INRAE, UR RiverLy, Villeurbanne, France","Mimeau, L., Künne, A., Devers, A., Branger, F., Kralisch, S., Lauvernet, C., Vidal, J.-P., Bonada, N., Csabai, Z., Mykrä, H., Pařil, P., Polović, L., and Datry, T.: Projections of streamflow intermittence under climate change in European drying river networks, Hydrol. Earth Syst. Sci. Discuss. [preprint]. 2024; Devers, A., Lauvernet, C., and Vidal, J.-P.: DRYvER Deliverable D1.6 - Report on downscaling global climate projections for catchment scale hydrological modelling, Tech. rep., INRAE, 2023; https://www.dryver.eu/results/reports-and-documents","DRYvER","France; Albarine catchment,","Devers, Alexandre; Lauvernet, Claire; Vidal, Jean-Philippe"
"Flow intermittence indicators from the projection simulations (1985-2100) in the Albarine DRN (France)","dataset","https://doi.org/10.57745/VA4YI0","doi:10.57745/VA4YI0","Statistical monthly and yearly flow intermittence indicators calculated from the simulated daily state of flow in the Albarine DRN (France). Indicators are provided for 3 SSP scenarios and 5 climate models on the projection periods (1985-2014 and 2015-2100).","2025-02-19T11:58:27Z","DRYvER-WP1 Hydrological modelling catchment scale Europe","Mimeau, Louise; K&uuml;nne, Annika; Devers, Alexandre; Branger, Flora; Kralisch, Sven; Lauvernet, Claire; Vidal, Jean-Philippe, 2025, ""Flow intermittence indicators from the projection simulations (1985-2100) in the Albarine DRN (France)"", <a href=""https://doi.org/10.57745/VA4YI0"" target=""_blank"">https://doi.org/10.57745/VA4YI0</a>, Recherche Data Gouv, V1","DRYvER-WP1-DRN-EU","DRYvER-WP1 Hydrological modelling catchment scale Europe","Mimeau, Louise; Künne, Annika; Devers, Alexandre; Branger, Flora; Kralisch, Sven; Lauvernet, Claire; Vidal, Jean-Philippe, 2025, ""Flow intermittence indicators from the projection simulations (1985-2100) in the Albarine DRN (France)"", https://doi.org/10.57745/VA4YI0, Recherche Data Gouv, V1","inrae://10.57745/VA4YI0","hydrological intermittence; climate change","Earth and Environmental Sciences",401,276095,"RELEASED",1,0,"2025-02-14T18:55:56Z","2025-02-19T11:58:27Z","Mimeau, Louise; INRAE, UR RiverLy, Villeurbanne, France","Mimeau, L., Künne, A., Branger, F., Kralisch, S., Devers, A., and Vidal, J.-P.: Flow intermittence prediction using a hybrid hydrological modelling approach: influence of observed intermittence data on the training of a random forest model, Hydrol. Earth Syst. Sci. 2024; Mimeau, L., Künne, A., Devers, A., Branger, F., Kralisch, S., Lauvernet, C., Vidal, J.-P., Bonada, N., Csabai, Z., Mykrä, H., Pařil, P., Polović, L., and Datry, T.: Projections of streamflow intermittence under climate change in European drying river networks, Hydrol. Earth Syst. Sci. Discuss. [preprint]. 2024","DRYvER","France; Albarine catchment,","Mimeau, Louise; Künne, Annika; Devers, Alexandre; Branger, Flora; Kralisch, Sven; Lauvernet, Claire; Vidal, Jean-Philippe"
"Hydrological projections (1985-2100) of the Albarine DRN (France)","dataset","https://doi.org/10.57745/OJ2GO2","doi:10.57745/OJ2GO2","Hydrological model outputs at daily time step for the projection simulations (1985-2100) in the Albarine DRN (France). Simulated discharge, baseflow an state of flow (flowing/dry) is spatially distributed at the reach scale. Other hydroclimatic variables (temperature, precipitation, rainfall, snowfall, potential evapotranspiration, actual evapotranspiration, vegetation interception, snow water equivalent, saturation of the soil layer, saturation of the grounwater layer) are spatially aggregated at the catchment scale. Hydrological projections were produced for 3 SSP scenarios and 5 climate models.","2025-02-19T12:03:59Z","DRYvER-WP1 Hydrological modelling catchment scale Europe","Mimeau, Louise; K&uuml;nne, Annika; Devers, Alexandre; Branger, Flora; Kralisch, Sven; Lauvernet, Claire; Vidal, Jean-Philippe, 2025, ""Hydrological projections (1985-2100) of the Albarine DRN (France)"", <a href=""https://doi.org/10.57745/OJ2GO2"" target=""_blank"">https://doi.org/10.57745/OJ2GO2</a>, Recherche Data Gouv, V1","DRYvER-WP1-DRN-EU","DRYvER-WP1 Hydrological modelling catchment scale Europe","Mimeau, Louise; Künne, Annika; Devers, Alexandre; Branger, Flora; Kralisch, Sven; Lauvernet, Claire; Vidal, Jean-Philippe, 2025, ""Hydrological projections (1985-2100) of the Albarine DRN (France)"", https://doi.org/10.57745/OJ2GO2, Recherche Data Gouv, V1","inrae://10.57745/OJ2GO2","hydrological intermittence; climate change; hydrological simulations","Earth and Environmental Sciences",81,276089,"RELEASED",1,0,"2025-02-14T18:16:31Z","2025-02-19T12:03:59Z","Mimeau, Louise; INRAE, UR RiverLy, Villeurbanne, France","Mimeau, L., Künne, A., Branger, F., Kralisch, S., Devers, A., and Vidal, J.-P.: Flow intermittence prediction using a hybrid hydrological modelling approach: influence of observed intermittence data on the training of a random forest model, Hydrol. Earth Syst. Sci. 2024; Mimeau, L., Künne, A., Devers, A., Branger, F., Kralisch, S., Lauvernet, C., Vidal, J.-P., Bonada, N., Csabai, Z., Mykrä, H., Pařil, P., Polović, L., and Datry, T.: Projections of streamflow intermittence under climate change in European drying river networks, Hydrol. Earth Syst. Sci. Discuss. [preprint]. 2024","DRYvER","France; Albarine catchment,","Mimeau, Louise; Künne, Annika; Devers, Alexandre; Branger, Flora; Kralisch, Sven; Lauvernet, Claire; Vidal, Jean-Philippe"
"Hydrological projections (1985-2100) of the Bükkösdi DRN (Hungary)","dataset","https://doi.org/10.57745/BLQKZW","doi:10.57745/BLQKZW","Hydrological model outputs at daily time step for the projection simulations (1985-2100) in the Bükkösdi DRN (Hungary). Simulated discharge, baseflow an state of flow (flowing/dry) is spatially distributed at the reach scale. Other hydroclimatic variables (temperature, precipitation, rainfall, snowfall, potential evapotranspiration, actual evapotranspiration, vegetation interception, snow water equivalent, saturation of the soil layer, saturation of the grounwater layer) are spatially aggregated at the catchment scale. Hydrological projections were produced for 3 SSP scenarios and 5 climate models.","2025-02-19T09:43:17Z","DRYvER-WP1 Hydrological modelling catchment scale Europe","Mimeau, Louise; K&uuml;nne, Annika; Devers, Alexandre; Branger, Flora; Kralisch, Sven; Lauvernet, Claire; Vidal, Jean-Philippe, 2025, ""Hydrological projections (1985-2100) of the B&uuml;kk&ouml;sdi DRN (Hungary)"", <a href=""https://doi.org/10.57745/BLQKZW"" target=""_blank"">https://doi.org/10.57745/BLQKZW</a>, Recherche Data Gouv, V1","DRYvER-WP1-DRN-EU","DRYvER-WP1 Hydrological modelling catchment scale Europe","Mimeau, Louise; Künne, Annika; Devers, Alexandre; Branger, Flora; Kralisch, Sven; Lauvernet, Claire; Vidal, Jean-Philippe, 2025, ""Hydrological projections (1985-2100) of the Bükkösdi DRN (Hungary)"", https://doi.org/10.57745/BLQKZW, Recherche Data Gouv, V1","inrae://10.57745/BLQKZW","hydrological intermittence; hydrological simulations; climate change","Earth and Environmental Sciences",81,276090,"RELEASED",1,0,"2025-02-14T18:19:04Z","2025-02-19T09:43:17Z","Mimeau, Louise; INRAE, UR RiverLy, Villeurbanne, France","Mimeau, L., Künne, A., Branger, F., Kralisch, S., Devers, A., and Vidal, J.-P.: Flow intermittence prediction using a hybrid hydrological modelling approach: influence of observed intermittence data on the training of a random forest model, Hydrol. Earth Syst. Sci. 2024; Mimeau, L., Künne, A., Devers, A., Branger, F., Kralisch, S., Lauvernet, C., Vidal, J.-P., Bonada, N., Csabai, Z., Mykrä, H., Pařil, P., Polović, L., and Datry, T.: Projections of streamflow intermittence under climate change in European drying river networks, Hydrol. Earth Syst. Sci. Discuss. [preprint]. 2024","DRYvER","Hungary; Bükkösdi catchment,","Mimeau, Louise; Künne, Annika; Devers, Alexandre; Branger, Flora; Kralisch, Sven; Lauvernet, Claire; Vidal, Jean-Philippe"
"Hydrological projections (1985-2100) of the Butiznica DRN (Croatia)","dataset","https://doi.org/10.57745/BUPQQF","doi:10.57745/BUPQQF","Hydrological model outputs at daily time step for the projection simulations (1985-2100) in the Butiznica DRN (Croatia). Simulated discharge, baseflow an state of flow (flowing/dry) is spatially distributed at the reach scale. Other hydroclimatic variables (temperature, precipitation, rainfall, snowfall, potential evapotranspiration, actual evapotranspiration, vegetation interception, snow water equivalent, saturation of the soil layer, saturation of the grounwater layer) are spatially aggregated at the catchment scale. Hydrological projections were produced for 3 SSP scenarios and 5 climate models.","2025-02-19T12:03:30Z","DRYvER-WP1 Hydrological modelling catchment scale Europe","Mimeau, Louise; K&uuml;nne, Annika; Devers, Alexandre; Branger, Flora; Kralisch, Sven; Lauvernet, Claire; Vidal, Jean-Philippe, 2025, ""Hydrological projections (1985-2100) of the Butiznica DRN (Croatia)"", <a href=""https://doi.org/10.57745/BUPQQF"" target=""_blank"">https://doi.org/10.57745/BUPQQF</a>, Recherche Data Gouv, V1","DRYvER-WP1-DRN-EU","DRYvER-WP1 Hydrological modelling catchment scale Europe","Mimeau, Louise; Künne, Annika; Devers, Alexandre; Branger, Flora; Kralisch, Sven; Lauvernet, Claire; Vidal, Jean-Philippe, 2025, ""Hydrological projections (1985-2100) of the Butiznica DRN (Croatia)"", https://doi.org/10.57745/BUPQQF, Recherche Data Gouv, V1","inrae://10.57745/BUPQQF","hydrological intermittence; hydrological simulations; climate change","Earth and Environmental Sciences",81,276091,"RELEASED",1,0,"2025-02-14T18:20:55Z","2025-02-19T12:03:30Z","Mimeau, Louise; INRAE, UR RiverLy, Villeurbanne, France","Mimeau, L., Künne, A., Branger, F., Kralisch, S., Devers, A., and Vidal, J.-P.: Flow intermittence prediction using a hybrid hydrological modelling approach: influence of observed intermittence data on the training of a random forest model, Hydrol. Earth Syst. Sci. 2024; Mimeau, L., Künne, A., Devers, A., Branger, F., Kralisch, S., Lauvernet, C., Vidal, J.-P., Bonada, N., Csabai, Z., Mykrä, H., Pařil, P., Polović, L., and Datry, T.: Projections of streamflow intermittence under climate change in European drying river networks, Hydrol. Earth Syst. Sci. Discuss. [preprint]. 2024","DRYvER","Croatia; Butiznica catchment,","Mimeau, Louise; Künne, Annika; Devers, Alexandre; Branger, Flora; Kralisch, Sven; Lauvernet, Claire; Vidal, Jean-Philippe"
"Hydrological projections (1985-2100) of the Lepsämänjoki DRN (Finland)","dataset","https://doi.org/10.57745/BLASN0","doi:10.57745/BLASN0","Hydrological model outputs at daily time step for the projection simulations (1985-2100) in the Lepsämänjoki DRN (France). Simulated discharge, baseflow an state of flow (flowing/dry) is spatially distributed at the reach scale. Other hydroclimatic variables (temperature, precipitation, rainfall, snowfall, potential evapotranspiration, actual evapotranspiration, vegetation interception, snow water equivalent, saturation of the soil layer, saturation of the grounwater layer) are spatially aggregated at the catchment scale. Hydrological projections were produced for 3 SSP scenarios and 5 climate models.","2025-02-19T11:58:50Z","DRYvER-WP1 Hydrological modelling catchment scale Europe","Mimeau, Louise; K&uuml;nne, Annika; Devers, Alexandre; Branger, Flora; Kralisch, Sven; Lauvernet, Claire; Vidal, Jean-Philippe, 2025, ""Hydrological projections (1985-2100) of the Leps&auml;m&auml;njoki DRN (Finland)"", <a href=""https://doi.org/10.57745/BLASN0"" target=""_blank"">https://doi.org/10.57745/BLASN0</a>, Recherche Data Gouv, V1","DRYvER-WP1-DRN-EU","DRYvER-WP1 Hydrological modelling catchment scale Europe","Mimeau, Louise; Künne, Annika; Devers, Alexandre; Branger, Flora; Kralisch, Sven; Lauvernet, Claire; Vidal, Jean-Philippe, 2025, ""Hydrological projections (1985-2100) of the Lepsämänjoki DRN (Finland)"", https://doi.org/10.57745/BLASN0, Recherche Data Gouv, V1","inrae://10.57745/BLASN0","hydrological intermittence; hydrological simuations; climate change","Earth and Environmental Sciences",81,276093,"RELEASED",1,0,"2025-02-14T18:24:28Z","2025-02-19T11:58:50Z","Mimeau, Louise; INRAE, UR RiverLy, Villeurbanne, France","Mimeau, L., Künne, A., Branger, F., Kralisch, S., Devers, A., and Vidal, J.-P.: Flow intermittence prediction using a hybrid hydrological modelling approach: influence of observed intermittence data on the training of a random forest model, Hydrol. Earth Syst. Sci. 2024; Mimeau, L., Künne, A., Devers, A., Branger, F., Kralisch, S., Lauvernet, C., Vidal, J.-P., Bonada, N., Csabai, Z., Mykrä, H., Pařil, P., Polović, L., and Datry, T.: Projections of streamflow intermittence under climate change in European drying river networks, Hydrol. Earth Syst. Sci. Discuss. [preprint]. 2024","DRYvER","Finland; Lepsämänjoki catchment,","Mimeau, Louise; Künne, Annika; Devers, Alexandre; Branger, Flora; Kralisch, Sven; Lauvernet, Claire; Vidal, Jean-Philippe"
"Hydrological projections (1985-2100) of the Velicka DRN (Czechia)","dataset","https://doi.org/10.57745/NMR6AX","doi:10.57745/NMR6AX","Hydrological model outputs at daily time step for the projection simulations (1985-2100) in the Velicka DRN (Czechia). Simulated discharge, baseflow an state of flow (flowing/dry) is spatially distributed at the reach scale. Other hydroclimatic variables (temperature, precipitation, rainfall, snowfall, potential evapotranspiration, actual evapotranspiration, vegetation interception, snow water equivalent, saturation of the soil layer, saturation of the grounwater layer) are spatially aggregated at the catchment scale. Hydrological projections were produced for 3 SSP scenarios and 5 climate models.","2025-02-19T09:39:52Z","DRYvER-WP1 Hydrological modelling catchment scale Europe","Mimeau, Louise; K&uuml;nne, Annika; Devers, Alexandre; Branger, Flora; Kralisch, Sven; Lauvernet, Claire; Vidal, Jean-Philippe, 2025, ""Hydrological projections (1985-2100) of the Velicka DRN (Czechia)"", <a href=""https://doi.org/10.57745/NMR6AX"" target=""_blank"">https://doi.org/10.57745/NMR6AX</a>, Recherche Data Gouv, V1","DRYvER-WP1-DRN-EU","DRYvER-WP1 Hydrological modelling catchment scale Europe","Mimeau, Louise; Künne, Annika; Devers, Alexandre; Branger, Flora; Kralisch, Sven; Lauvernet, Claire; Vidal, Jean-Philippe, 2025, ""Hydrological projections (1985-2100) of the Velicka DRN (Czechia)"", https://doi.org/10.57745/NMR6AX, Recherche Data Gouv, V1","inrae://10.57745/NMR6AX","hydrological intermittence; hydrological simulations; climate change","Earth and Environmental Sciences",81,276250,"RELEASED",1,1,"2025-02-14T18:26:27Z","2025-02-26T17:41:19Z","Mimeau, Louise; INRAE, UR RiverLy, Villeurbanne, France","Mimeau, L., Künne, A., Branger, F., Kralisch, S., Devers, A., and Vidal, J.-P.: Flow intermittence prediction using a hybrid hydrological modelling approach: influence of observed intermittence data on the training of a random forest model, Hydrol. Earth Syst. Sci. 2024; Mimeau, L., Künne, A., Devers, A., Branger, F., Kralisch, S., Lauvernet, C., Vidal, J.-P., Bonada, N., Csabai, Z., Mykrä, H., Pařil, P., Polović, L., and Datry, T.: Projections of streamflow intermittence under climate change in European drying river networks, Hydrol. Earth Syst. Sci. Discuss. [preprint]. 2024","DRYvER","Czech Republic; Velička catchment,","Mimeau, Louise; Künne, Annika; Devers, Alexandre; Branger, Flora; Kralisch, Sven; Lauvernet, Claire; Vidal, Jean-Philippe"
"Hydrological projections (1985-2100) of the Genal DRN (Spain)","dataset","https://doi.org/10.57745/U6UZJP","doi:10.57745/U6UZJP","Hydrological model outputs at daily time step for the projection simulations (1985-2100) in the Genal DRN (Spain). Simulated discharge, baseflow an state of flow (flowing/dry) is spatially distributed at the reach scale. Other hydroclimatic variables (temperature, precipitation, rainfall, snowfall, potential evapotranspiration, actual evapotranspiration, vegetation interception, snow water equivalent, saturation of the soil layer, saturation of the grounwater layer) are spatially aggregated at the catchment scale. Hydrological projections were produced for 3 SSP scenarios and 5 climate models.","2025-02-19T11:59:30Z","DRYvER-WP1 Hydrological modelling catchment scale Europe","Mimeau, Louise; K&uuml;nne, Annika; Devers, Alexandre; Branger, Flora; Kralisch, Sven; Lauvernet, Claire; Vidal, Jean-Philippe, 2025, ""Hydrological projections (1985-2100) of the Genal DRN (Spain)"", <a href=""https://doi.org/10.57745/U6UZJP"" target=""_blank"">https://doi.org/10.57745/U6UZJP</a>, Recherche Data Gouv, V1","DRYvER-WP1-DRN-EU","DRYvER-WP1 Hydrological modelling catchment scale Europe","Mimeau, Louise; Künne, Annika; Devers, Alexandre; Branger, Flora; Kralisch, Sven; Lauvernet, Claire; Vidal, Jean-Philippe, 2025, ""Hydrological projections (1985-2100) of the Genal DRN (Spain)"", https://doi.org/10.57745/U6UZJP, Recherche Data Gouv, V1","inrae://10.57745/U6UZJP","hydrological intermittence; hydrological simulations; climate change","Earth and Environmental Sciences",81,276092,"RELEASED",1,0,"2025-02-14T18:22:43Z","2025-02-19T11:59:30Z","Mimeau, Louise; INRAE, UR RiverLy, Villeurbanne, France","Mimeau, L., Künne, A., Branger, F., Kralisch, S., Devers, A., and Vidal, J.-P.: Flow intermittence prediction using a hybrid hydrological modelling approach: influence of observed intermittence data on the training of a random forest model, Hydrol. Earth Syst. Sci. 2024; Mimeau, L., Künne, A., Devers, A., Branger, F., Kralisch, S., Lauvernet, C., Vidal, J.-P., Bonada, N., Csabai, Z., Mykrä, H., Pařil, P., Polović, L., and Datry, T.: Projections of streamflow intermittence under climate change in European drying river networks, Hydrol. Earth Syst. Sci. Discuss. [preprint]. 2024","DRYvER","Spain; Genal catchment,","Mimeau, Louise; Künne, Annika; Devers, Alexandre; Branger, Flora; Kralisch, Sven; Lauvernet, Claire; Vidal, Jean-Philippe"
"Flow intermittence indicators from the projection simulations (1985-2100) in the Bükkösdi DRN (Hungary)","dataset","https://doi.org/10.57745/ZZGICL","doi:10.57745/ZZGICL","Statistical monthly and yearly flow intermittence indicators calculated from the simulated daily state of flow in the Bükkösdi DRN (Hungary). Indicators are provided for 3 SSP scenarios and 5 climate models on the projection periods (1985-2014 and 2015-2100).","2025-02-19T11:03:47Z","DRYvER-WP1 Hydrological modelling catchment scale Europe","Mimeau, Louise; K&uuml;nne, Annika; Devers, Alexandre; Branger, Flora; Kralisch, Sven; Lauvernet, Claire; Vidal, Jean-Philippe, 2025, ""Flow intermittence indicators from the projection simulations (1985-2100) in the B&uuml;kk&ouml;sdi DRN (Hungary)"", <a href=""https://doi.org/10.57745/ZZGICL"" target=""_blank"">https://doi.org/10.57745/ZZGICL</a>, Recherche Data Gouv, V1","DRYvER-WP1-DRN-EU","DRYvER-WP1 Hydrological modelling catchment scale Europe","Mimeau, Louise; Künne, Annika; Devers, Alexandre; Branger, Flora; Kralisch, Sven; Lauvernet, Claire; Vidal, Jean-Philippe, 2025, ""Flow intermittence indicators from the projection simulations (1985-2100) in the Bükkösdi DRN (Hungary)"", https://doi.org/10.57745/ZZGICL, Recherche Data Gouv, V1","inrae://10.57745/ZZGICL","hydrological intermittence; climate change","Earth and Environmental Sciences",401,276096,"RELEASED",1,0,"2025-02-14T19:07:55Z","2025-02-19T11:03:47Z","Mimeau, Louise; INRAE, UR RiverLy, Villeurbanne, France","Mimeau, L., Künne, A., Branger, F., Kralisch, S., Devers, A., and Vidal, J.-P.: Flow intermittence prediction using a hybrid hydrological modelling approach: influence of observed intermittence data on the training of a random forest model, Hydrol. Earth Syst. Sci. 2024; Mimeau, L., Künne, A., Devers, A., Branger, F., Kralisch, S., Lauvernet, C., Vidal, J.-P., Bonada, N., Csabai, Z., Mykrä, H., Pařil, P., Polović, L., and Datry, T.: Projections of streamflow intermittence under climate change in European drying river networks, Hydrol. Earth Syst. Sci. Discuss. [preprint]. 2024","DRYvER","Hungary; Bükkösdi catchment,","Mimeau, Louise; Künne, Annika; Devers, Alexandre; Branger, Flora; Kralisch, Sven; Lauvernet, Claire; Vidal, Jean-Philippe"
"Flow intermittence indicators from the projection simulations (1985-2100) in the Butiznica DRN (Croatia)","dataset","https://doi.org/10.57745/CDIMJH","doi:10.57745/CDIMJH","Statistical monthly and yearly flow intermittence indicators calculated from the simulated daily state of flow in the Butiznica DRN (Croatia). Indicators are provided for 3 SSP scenarios and 5 climate models on the projection periods (1985-2014 and 2015-2100).","2025-02-19T11:00:32Z","DRYvER-WP1 Hydrological modelling catchment scale Europe","Mimeau, Louise; K&uuml;nne, Annika; Devers, Alexandre; Branger, Flora; Kralisch, Sven; Lauvernet, Claire; Vidal, Jean-Philippe, 2025, ""Flow intermittence indicators from the projection simulations (1985-2100) in the Butiznica DRN (Croatia)"", <a href=""https://doi.org/10.57745/CDIMJH"" target=""_blank"">https://doi.org/10.57745/CDIMJH</a>, Recherche Data Gouv, V1","DRYvER-WP1-DRN-EU","DRYvER-WP1 Hydrological modelling catchment scale Europe","Mimeau, Louise; Künne, Annika; Devers, Alexandre; Branger, Flora; Kralisch, Sven; Lauvernet, Claire; Vidal, Jean-Philippe, 2025, ""Flow intermittence indicators from the projection simulations (1985-2100) in the Butiznica DRN (Croatia)"", https://doi.org/10.57745/CDIMJH, Recherche Data Gouv, V1","inrae://10.57745/CDIMJH","hydrological intermittence; climate change","Earth and Environmental Sciences",401,276097,"RELEASED",1,0,"2025-02-14T19:09:45Z","2025-02-19T11:00:32Z","Mimeau, Louise; INRAE, UR RiverLy, Villeurbanne, France","Mimeau, L., Künne, A., Branger, F., Kralisch, S., Devers, A., and Vidal, J.-P.: Flow intermittence prediction using a hybrid hydrological modelling approach: influence of observed intermittence data on the training of a random forest model, Hydrol. Earth Syst. Sci. 2024; Mimeau, L., Künne, A., Devers, A., Branger, F., Kralisch, S., Lauvernet, C., Vidal, J.-P., Bonada, N., Csabai, Z., Mykrä, H., Pařil, P., Polović, L., and Datry, T.: Projections of streamflow intermittence under climate change in European drying river networks, Hydrol. Earth Syst. Sci. Discuss. [preprint]. 2024","DRYvER","Croatia; Butiznica catchment,","Mimeau, Louise; Künne, Annika; Devers, Alexandre; Branger, Flora; Kralisch, Sven; Lauvernet, Claire; Vidal, Jean-Philippe"
"Flow intermittence indicators from the projection simulations (1985-2100) in the Genal DRN (Spain)","dataset","https://doi.org/10.57745/JI6ZPI","doi:10.57745/JI6ZPI","Statistical monthly and yearly flow intermittence indicators calculated from the simulated daily state of flow in the Genal DRN (Spain). Indicators are provided for 3 SSP scenarios and 5 climate models on the projection periods (1985-2014 and 2015-2100).","2025-02-19T10:50:52Z","DRYvER-WP1 Hydrological modelling catchment scale Europe","Mimeau, Louise; K&uuml;nne, Annika; Devers, Alexandre; Branger, Flora; Kralisch, Sven; Lauvernet, Claire; Vidal, Jean-Philippe, 2025, ""Flow intermittence indicators from the projection simulations (1985-2100) in the Genal DRN (Spain)"", <a href=""https://doi.org/10.57745/JI6ZPI"" target=""_blank"">https://doi.org/10.57745/JI6ZPI</a>, Recherche Data Gouv, V1","DRYvER-WP1-DRN-EU","DRYvER-WP1 Hydrological modelling catchment scale Europe","Mimeau, Louise; Künne, Annika; Devers, Alexandre; Branger, Flora; Kralisch, Sven; Lauvernet, Claire; Vidal, Jean-Philippe, 2025, ""Flow intermittence indicators from the projection simulations (1985-2100) in the Genal DRN (Spain)"", https://doi.org/10.57745/JI6ZPI, Recherche Data Gouv, V1","inrae://10.57745/JI6ZPI","hydrological intermittence; climate change","Earth and Environmental Sciences",401,276098,"RELEASED",1,0,"2025-02-14T19:11:17Z","2025-02-19T10:50:52Z","Mimeau, Louise; INRAE, UR RiverLy, Villeurbanne, France","Mimeau, L., Künne, A., Branger, F., Kralisch, S., Devers, A., and Vidal, J.-P.: Flow intermittence prediction using a hybrid hydrological modelling approach: influence of observed intermittence data on the training of a random forest model, Hydrol. Earth Syst. Sci. 2024; Mimeau, L., Künne, A., Devers, A., Branger, F., Kralisch, S., Lauvernet, C., Vidal, J.-P., Bonada, N., Csabai, Z., Mykrä, H., Pařil, P., Polović, L., and Datry, T.: Projections of streamflow intermittence under climate change in European drying river networks, Hydrol. Earth Syst. Sci. Discuss. [preprint]. 2024","DRYvER","Spain; Genal catchment,","Mimeau, Louise; Künne, Annika; Devers, Alexandre; Branger, Flora; Kralisch, Sven; Lauvernet, Claire; Vidal, Jean-Philippe"
"Flow intermittence indicators from the projection simulations (1985-2100) in the Lepsämänjoki DRN (Finland)","dataset","https://doi.org/10.57745/CCZTOD","doi:10.57745/CCZTOD","Statistical monthly and yearly flow intermittence indicators calculated from the simulated daily state of flow in the Albarine DRN (France). Indicators are provided for 3 SSP scenarios and 5 climate models on the projection periods (1985-2014 and 2015-2100).","2025-02-19T10:50:25Z","DRYvER-WP1 Hydrological modelling catchment scale Europe","Mimeau, Louise; K&uuml;nne, Annika; Devers, Alexandre; Branger, Flora; Kralisch, Sven; Lauvernet, Claire; Vidal, Jean-Philippe, 2025, ""Flow intermittence indicators from the projection simulations (1985-2100) in the Leps&auml;m&auml;njoki DRN (Finland)"", <a href=""https://doi.org/10.57745/CCZTOD"" target=""_blank"">https://doi.org/10.57745/CCZTOD</a>, Recherche Data Gouv, V1","DRYvER-WP1-DRN-EU","DRYvER-WP1 Hydrological modelling catchment scale Europe","Mimeau, Louise; Künne, Annika; Devers, Alexandre; Branger, Flora; Kralisch, Sven; Lauvernet, Claire; Vidal, Jean-Philippe, 2025, ""Flow intermittence indicators from the projection simulations (1985-2100) in the Lepsämänjoki DRN (Finland)"", https://doi.org/10.57745/CCZTOD, Recherche Data Gouv, V1","inrae://10.57745/CCZTOD","hydrological intermittence; climate change","Earth and Environmental Sciences",401,276099,"RELEASED",1,0,"2025-02-14T19:12:51Z","2025-02-19T10:50:25Z","Mimeau, Louise; INRAE, UR RiverLy, Villeurbanne, France","Mimeau, L., Künne, A., Branger, F., Kralisch, S., Devers, A., and Vidal, J.-P.: Flow intermittence prediction using a hybrid hydrological modelling approach: influence of observed intermittence data on the training of a random forest model, Hydrol. Earth Syst. Sci. 2024; Mimeau, L., Künne, A., Devers, A., Branger, F., Kralisch, S., Lauvernet, C., Vidal, J.-P., Bonada, N., Csabai, Z., Mykrä, H., Pařil, P., Polović, L., and Datry, T.: Projections of streamflow intermittence under climate change in European drying river networks, Hydrol. Earth Syst. Sci. Discuss. [preprint]. 2024","DRYvER","Finland; Lepsämänjoki catchment,","Mimeau, Louise; Künne, Annika; Devers, Alexandre; Branger, Flora; Kralisch, Sven; Lauvernet, Claire; Vidal, Jean-Philippe"
"Flow intermittence indicators from the projection simulations (1985-2100) in the Velicka DRN (Czechia)","dataset","https://doi.org/10.57745/6PUUVC","doi:10.57745/6PUUVC","Statistical monthly and yearly flow intermittence indicators calculated from the simulated daily state of flow in the Velicka DRN (Czechia). Indicators are provided for 3 SSP scenarios and 5 climate models on the projection periods (1985-2014 and 2015-2100).","2025-02-17T16:09:43Z","DRYvER-WP1 Hydrological modelling catchment scale Europe","Mimeau, Louise; K&uuml;nne, Annika; Devers, Alexandre; Branger, Flora; Kralisch, Sven; Lauvernet, Claire; Vidal, Jean-Philippe, 2025, ""Flow intermittence indicators from the projection simulations (1985-2100) in the Velicka DRN (Czechia)"", <a href=""https://doi.org/10.57745/6PUUVC"" target=""_blank"">https://doi.org/10.57745/6PUUVC</a>, Recherche Data Gouv, V1","DRYvER-WP1-DRN-EU","DRYvER-WP1 Hydrological modelling catchment scale Europe","Mimeau, Louise; Künne, Annika; Devers, Alexandre; Branger, Flora; Kralisch, Sven; Lauvernet, Claire; Vidal, Jean-Philippe, 2025, ""Flow intermittence indicators from the projection simulations (1985-2100) in the Velicka DRN (Czechia)"", https://doi.org/10.57745/6PUUVC, Recherche Data Gouv, V1","inrae://10.57745/6PUUVC","hydrological intermittence; climate change","Earth and Environmental Sciences",401,276251,"RELEASED",1,2,"2025-02-14T19:14:21Z","2025-02-26T17:42:23Z","Mimeau, Louise; INRAE, UR RiverLy, Villeurbanne, France","Mimeau, L., Künne, A., Branger, F., Kralisch, S., Devers, A., and Vidal, J.-P.: Flow intermittence prediction using a hybrid hydrological modelling approach: influence of observed intermittence data on the training of a random forest model, Hydrol. Earth Syst. Sci. 2024; Mimeau, L., Künne, A., Devers, A., Branger, F., Kralisch, S., Lauvernet, C., Vidal, J.-P., Bonada, N., Csabai, Z., Mykrä, H., Pařil, P., Polović, L., and Datry, T.: Projections of streamflow intermittence under climate change in European drying river networks, Hydrol. Earth Syst. Sci. Discuss. [preprint]. 2024","DRYvER","Czech Republic; Velička catchment,","Mimeau, Louise; Künne, Annika; Devers, Alexandre; Branger, Flora; Kralisch, Sven; Lauvernet, Claire; Vidal, Jean-Philippe"
